{
	"name": "Split Sagittarius",
	"vendorId": "0x2607",
	"productId": "0x0001",
	"lighting": "none",
	"matrix": {"rows": 10, "cols": 7},
	"layouts": {
		"keymap": [
              [
                {
                  "y": 0.22,
                  "x": 14.78
                },
                "5,2",
                {
                  "x": 0.019999999999999574
                },
                "5,1",
                {
                  "x": 0.030000000000001137
                },
                "5,0"
              ],
              [
                {
                  "y": -0.995,
                  "x": 4.3
                },
                "0,2"
              ],
              [
                {
                  "y": -0.975,
                  "x": 2,
                  "w": 1.25
                },
                "0,0",
                {
                  "x": 0.020000000000000018
                },
                "0,1"
              ],
              [
                {
                  "x": 15.55
                },
                "6,1",
                {
                  "x": 0.05000000000000071,
                  "w": 1.5
                },
                "6,0"
              ],
              [
                {
                  "y": -0.99,
                  "x": 2,
                  "w": 1.5
                },
                "1,0",
                {
                  "x": 0.029999999999999805
                },
                "1,1"
              ],
              [
                {
                  "y": -0.009999999999999787,
                  "x": 15.8,
                  "w": 2.25
                },
                "7,0"
              ],
              [
                {
                  "y": -0.9699999999999998,
                  "x": 2,
                  "w": 1.5
                },
                "2,0",
                {
                  "x": 0.16999999999999993
                },
                "2,1"
              ],
              [
                {
                  "y": -0.029999999999999805,
                  "x": 16.3,
                  "w": 1.75
                },
                "8,0"
              ],
              [
                {
                  "y": -0.9500000000000002,
                  "x": 2,
                  "w": 1.75
                },
                "3,0",
                {
                  "x": 0.06999999999999984
                },
                "3,1"
              ],
              [
                {
                  "y": 0.019999999999999574,
                  "x": 2,
                  "w": 1.25
                },
                "4,0",
                {
                  "x": 0.04999999999999982,
                  "w": 1.25
                },
                "4,1"
              ],
              [
                {
                  "y": -0.9900000000000002,
                  "x": 15.2,
                  "w": 1.25
                },
                "9,1",
                {
                  "w": 1.25
                },
                "9,0"
              ],
              [
                {
                  "r": 1,
                  "rx": 5.15,
                  "ry": 1.8,
                  "y": -0.55,
                  "x": -0.5600000000000005
                },
                "1,2"
              ],
              [
                {
                  "r": 2.5,
                  "rx": 5.3,
                  "ry": 2.85,
                  "y": -0.5500000000000003,
                  "x": -0.5700000000000003
                },
                "2,2"
              ],
              [
                {
                  "r": 4.4,
                  "rx": 5.85,
                  "ry": 0.8,
                  "y": -0.532,
                  "x": -0.4800000000000004
                },
                "0,3"
              ],
              [
                {
                  "r": 8,
                  "rx": 6.25,
                  "ry": 1.9,
                  "y": -0.54,
                  "x": -0.5499999999999998
                },
                "1,3"
              ],
              [
                {
                  "r": 9.5,
                  "rx": 5.45,
                  "ry": 3.9,
                  "y": -0.5,
                  "x": -0.5300000000000002
                },
                "3,2"
              ],
              [
                {
                  "r": 12,
                  "rx": 6.4,
                  "ry": 3,
                  "y": -0.5099999999999998,
                  "x": -0.5899999999999999
                },
                "2,3"
              ],
              [
                {
                  "r": 13,
                  "rx": 6.95,
                  "ry": 1.05,
                  "y": -0.6,
                  "x": -0.5200000000000005
                },
                "0,4"
              ],
              [
                {
                  "r": 15,
                  "rx": 6.55,
                  "ry": 4.15,
                  "y": -0.5099999999999998,
                  "x": -0.5800000000000001
                },
                "3,3"
              ],
              [
                {
                  "r": 15.5,
                  "rx": 7.3,
                  "ry": 2.1,
                  "y": -0.47,
                  "x": -0.5599999999999996
                },
                "1,4"
              ],
              [
                {
                  "r": 18,
                  "rx": 8,
                  "ry": 1.3,
                  "y": -0.55,
                  "x": -0.5300000000000002
                },
                "0,5"
              ],
              [
                {
                  "r": 21,
                  "rx": 7.45,
                  "ry": 3.2,
                  "y": -0.43000000000000016,
                  "x": -0.5700000000000003
                },
                "2,4"
              ],
              [
                {
                  "r": 22,
                  "rx": 7.6,
                  "ry": 4.45,
                  "y": -0.4500000000000002,
                  "x": -0.5600000000000005
                },
                "3,4"
              ],
              [
                {
                  "r": 22.5,
                  "rx": 8.4,
                  "ry": 2.4,
                  "y": -0.3999999999999999,
                  "x": -0.5999999999999996
                },
                "1,5"
              ],
              [
                {
                  "r": 23,
                  "rx": 5.85,
                  "ry": 5.2,
                  "y": -0.5099999999999998,
                  "x": -0.5899999999999999,
                  "w": 1.25
                },
                "4,2"
              ],
              [
                {
                  "rx": 7.3,
                  "ry": 5.8,
                  "y": -0.4950000000000001,
                  "x": -0.8499999999999996,
                  "w": 2.25
                },
                "4,3"
              ],
              [
                {
                  "rx": 9.1,
                  "ry": 1.7,
                  "y": -0.52,
                  "x": -0.5999999999999996
                },
                "0,6"
              ],
              [
                {
                  "r": 26,
                  "rx": 8.45,
                  "ry": 3.7,
                  "y": -0.5,
                  "x": -0.5999999999999996
                },
                "2,5"
              ],
              [
                {
                  "r": 27.7,
                  "rx": 8.55,
                  "ry": 4.9,
                  "y": -0.4500000000000002,
                  "x": -0.5199999999999996
                },
                "3,5"
              ],
              [
                {
                  "r": -30,
                  "rx": 11.15,
                  "ry": 3.9,
                  "y": -0.5100000000000002,
                  "x": -0.5299999999999994
                },